,HAR-01,HAR-02,HAR-03,HAR-04,HAR-05,HAR-06,HAR-07,HAR-08,CED-01,CED-02,CED-03,CED-04,CED-05,CED-06,CED-07,EAS-01,EAS-02,EAS-03,EAS-04,EAS-05,EAS-06,EAS-07,BRK-01,BRK-02,BRK-03,BRK-04,BRK-05,BRK-06,KNG-01,KNG-02,KNG-03,KNG-04,KNG-05,KNG-06,NOR-01,NOR-02,NOR-03,NOR-04,NOR-05,WES-01,WES-02,WES-03,WES-04,WES-05,NCR-01,NCR-02,NCR-03,NCR-04,NCR-05,NCR-06,NCR-07,NCR-08,NCR-09,NCR-10,CCR-01,CCR-02,CCR-03,CCR-04,CCR-05,CCR-06,CCR-07,CCR-08,CCR-09,VCR-01,VCR-02,VCR-03,VCR-04,VCR-05,VCR-06,VCR-07,VCR-08,VCR-09
HAR-01,4.8,8.34,6.906,8.21,7.325,7.923,6.976,9.003,0.26,0.124,0.127,0.071,0.204,0.155,0.119,0.18,0.177,0.152,0.212,0.162,0.136,0.155,0.085,0.199,0.191,0.198,0.166,0.098,0.23,0.082,0.272,0.053,0.059,0.194,0.224,0.179,0.222,0.257,0.207,0.187,0.073,0.198,0.189,0.085,0.166,0.198,0.148,0.249,0.102,0.154,0.242,0.152,0.141,0.228,0.212,0.148,0.196,0.23,0.196,0.157,0.105,0.114,0.189,0.115,0.235,0.168,0.174,0.158,0.146,0.104,0.149,0.241
HAR-02,8.34,4.875,7.207,7.386,9.165,8.214,8.232,7.26,0.239,0.292,0.126,0.172,0.024,0.101,0.203,0.141,0.097,0.119,0.209,0.164,0.215,0.189,0.143,0.178,0.129,0.104,0.23,0.202,0.183,0.14,0.11,0.263,0.178,0.093,0.077,0.091,0.186,0.266,0.118,0.118,0.087,0.211,0.152,0.056,0.049,0.15,0.059,0.253,0.136,0.134,0.209,0.115,0.066,0.118,0.128,0.156,0.139,0.122,0.142,0.221,0.199,0.15,0.1,0.153,0.244,0.209,0.068,0.071,0.175,0.089,0.23,0.082
HAR-03,6.906,7.207,4.2,8.198,8.047,9.152,7.255,8.255,0.144,0.189,0.249,0.276,0.271,0.185,0.16,0.244,0.099,0.138,0.143,0.23,0.097,0.204,0.232,0.123,0.072,0.129,0.126,0.065,0.142,0.154,0.144,0.19,0.126,0.146,0.239,0.218,0.142,0.073,0.124,0.161,0.12,0.153,0.191,0.239,0.195,0.238,0.12,0.197,0.181,0.117,0.148,0.081,0.233,0.147,0.163,0.133,0.278,0.249,0.199,0.139,0.26,0.186,0.157,0.174,0.1,0.177,0.14,0.222,0.181,0.225,0.177,0.202
HAR-04,8.21,7.386,8.198,4.8,9.126,8.065,7.817,7.536,0.138,0.193,0.252,0.196,0.106,0.269,0.237,0.137,0.16,0.186,0.097,0.161,0.153,0.116,0.114,0.146,0.225,0.218,0.139,0.147,0.147,0.259,0.151,0.165,0.167,0.273,0.204,0.162,0.216,0.222,0.104,0.117,0.212,0.091,0.216,0.189,0.146,0.171,0.137,0.134,0.271,0.267,0.066,0.229,0.075,0.231,0.174,0.188,0.086,0.184,0.096,0.056,0.092,0.244,0.087,0.178,0.146,0.154,0.124,0.127,0.163,0.164,0.161,0.265
HAR-05,7.325,9.165,8.047,9.126,4.225,8.323,9.104,7.837,0.127,0.082,0.144,0.228,0.117,0.225,0.158,0.177,0.177,0.061,0.132,0.245,0.172,0.13,0.217,0.138,0.214,0.17,0.111,0.163,0.089,0.219,0.205,0.134,0.127,0.157,0.145,0.24,0.162,0.15,0.15,0.231,0.174,0.079,0.151,0.206,0.176,0.051,0.081,0.164,0.133,0.174,0.109,0.198,0.173,0.144,0.132,0.165,0.204,0.098,0.138,0.09,0.174,0.236,0.109,0.25,0.213,0.182,0.111,0.21,0.162,0.197,0.115,0.15
HAR-06,7.923,8.214,9.152,8.065,8.323,4.45,8.04,7.687,0.079,0.249,0.162,0.077,0.094,0.2,0.143,0.098,0.198,0.117,0.075,0.173,0.091,0.241,0.194,0.108,0.148,0.136,0.143,0.142,0.262,0.181,0.219,0.071,0.144,0.126,0.147,0.182,0.087,0.141,0.103,0.048,0.129,0.221,0.284,0.227,0.237,0.229,0.073,0.177,0.205,0.121,0.185,0.212,0.175,0.162,0.078,0.263,0.048,0.069,0.175,0.16,0.125,0.153,0.128,0.144,0.258,0.171,0.227,0.237,0.156,0.051,0.143,0.18
HAR-07,6.976,8.232,7.255,7.817,9.104,8.04,4.7,8.679,0.194,0.223,0.172,0.142,0.113,0.165,0.135,0.222,0.164,0.11,0.176,0.14,0.081,0.164,0.219,0.084,0.223,0.028,0.099,0.255,0.216,0.172,0.166,0.207,0.234,0.276,0.206,0.215,0.255,0.214,0.143,0.222,0.192,0.159,0.126,0.247,0.257,0.154,0.21,0.23,0.155,0.064,0.149,0.263,0.18,0.212,0.137,0.276,0.15,0.255,0.143,0.211,0.184,0.239,0.135,0.151,0.128,0.065,0.046,0.132,0.233,0.265,0.228,0.219
HAR-08,9.003,7.26,8.255,7.536,7.837,7.687,8.679,4.525,0.248,0.054,0.178,0.202,0.136,0.173,0.184,0.113,0.185,0.159,0.165,0.169,0.138,0.21,0.17,0.067,0.208,0.17,0.18,0.196,0.179,0.217,0.066,0.134,0.173,0.241,0.159,0.14,0.18,0.126,0.091,0.211,0.144,0.082,0.029,0.214,0.224,0.179,0.189,0.183,0.198,0.111,0.094,0.241,0.138,0.121,0.158,0.135,0.191,0.127,0.218,0.08,0.061,0.175,0.137,0.158,0.153,0.191,0.133,0.225,0.21,0.118,0.202,0.132
CED-01,0.26,0.239,0.144,0.138,0.127,0.079,0.194,0.248,3.375,4.434,4.694,4.316,5.033,3.982,4.311,0.134,0.092,0.106,0.223,0.198,0.104,0.064,0.116,0.146,0.149,0.148,0.181,0.146,0.204,0.083,0.083,0.218,0.146,0.164,0.095,0.096,0.104,0.148,0.191,0.057,0.108,0.177,0.188,0.174,0.119,0.149,0.159,0.097,0.184,0.255,0.121,0.141,0.174,0.191,0.053,0.18,0.137,0.05,0.247,0.071,0.204,0.137,0.174,0.107,0.196,0.186,0.06,0.159,0.268,0.115,0.209,0.178
CED-02,0.124,0.292,0.189,0.193,0.082,0.249,0.223,0.054,4.434,3.675,4.399,4.365,3.981,4.402,4.338,0.138,0.201,0.212,0.209,0.116,0.262,0.129,0.145,0.086,0.157,0.046,0.164,0.279,0.081,0.145,0.258,0.162,0.14,0.223,0.158,0.21,0.197,0.074,0.087,0.126,0.138,0.165,0.243,0.023,0.178,0.161,0.262,0.138,0.176,0.181,0.171,0.226,0.193,0.172,0.192,0.213,0.206,0.12,0.088,0.211,0.114,0.198,0.138,0.264,0.143,0.145,0.063,0.171,0.077,0.126,0.218,0.271
CED-03,0.127,0.126,0.249,0.252,0.144,0.162,0.172,0.178,4.694,4.399,3.6,3.88,5.243,4.82,4.761,0.043,0.113,0.176,0.028,0.216,0.088,0.185,0.192,0.171,0.1,0.166,0.22,0.141,0.211,0.218,0.114,0.159,0.083,0.105,0.13,0.071,0.252,0.082,0.267,0.148,0.113,0.188,0.262,0.068,0.094,0.101,0.214,0.086,0.183,0.085,0.096,0.223,0.214,0.166,0.174,0.167,0.164,0.24,0.256,0.179,0.194,0.197,0.261,0.076,0.113,0.162,0.221,0.099,0.182,0.123,0.173,0.179
CED-04,0.071,0.172,0.276,0.196,0.228,0.077,0.142,0.202,4.316,4.365,3.88,3.85,4.735,4.277,5.21,0.034,0.149,0.225,0.067,0.192,0.114,0.095,0.205,0.259,0.179,0.158,0.157,0.094,0.167,0.172,0.164,0.213,0.226,0.207,0.228,0.195,0.13,0.17,0.084,0.046,0.219,0.145,0.161,0.058,0.112,0.053,0.104,0.144,0.062,0.231,0.086,0.204,0.184,0.168,0.234,0.181,0.246,0.149,0.244,0.188,0.15,0.258,0.17,0.054,0.176,0.221,0.167,0.179,0.153,0.164,0.156,0.143
CED-05,0.204,0.024,0.271,0.106,0.117,0.094,0.113,0.136,5.033,3.981,5.243,4.735,3.625,4.554,4.144,0.142,0.181,0.091,0.182,0.139,0.156,0.226,0.23,0.037,0.164,0.231,0.259,0.279,0.138,0.125,0.187,0.222,0.16,0.194,0.079,0.205,0.156,0.141,0.253,0.161,0.202,0.093,0.186,0.095,0.131,0.05,0.206,0.198,0.249,0.032,0.112,0.058,0.162,0.201,0.192,0.212,0.098,0.145,0.069,0.193,0.19,0.163,0.052,0.133,0.255,0.209,0.144,0.188,0.15,0.104,0.218,0.124
CED-06,0.155,0.101,0.185,0.269,0.225,0.2,0.165,0.173,3.982,4.402,4.82,4.277,4.554,3.275,4.611,0.273,0.195,0.203,0.293,0.228,0.245,0.254,0.204,0.191,0.193,0.219,0.152,0.111,0.232,0.093,0.158,0.272,0.246,0.048,0.099,0.147,0.151,0.168,0.171,0.224,0.066,0.177,0.212,0.096,0.046,0.085,0.164,0.169,0.271,0.144,0.134,0.236,0.098,0.175,0.172,0.058,0.208,0.149,0.086,0.205,0.092,0.157,0.21,0.197,0.222,0.093,0.093,0.168,0.203,0.141,0.114,0.185
CED-07,0.119,0.203,0.16,0.237,0.158,0.143,0.135,0.184,4.311,4.338,4.761,5.21,4.144,4.611,2.925,0.124,0.09,0.168,0.06,0.092,0.16,0.194,0.132,0.068,0.25,0.248,0.059,0.115,0.153,0.265,0.123,0.155,0.149,0.17,0.229,0.177,0.246,0.188,0.217,0.167,0.208,0.113,0.091,0.223,0.075,0.078,0.066,0.159,0.256,0.107,0.22,0.173,0.171,0.205,0.086,0.225,0.228,0.247,0.104,0.174,0.112,0.135,0.262,0.162,0.145,0.199,0.175,0.138,0.116,0.181,0.217,0.133
EAS-01,0.18,0.141,0.244,0.137,0.177,0.098,0.222,0.113,0.134,0.138,0.043,0.034,0.142,0.273,0.124,3.6,4.095,4.594,4.487,4.223,5.228,3.893,0.081,0.133,0.121,0.214,0.174,0.17,0.188,0.211,0.085,0.155,0.241,0.198,0.186,0.068,0.102,0.153,0.166,0.1,0.158,0.153,0.058,0.145,0.049,0.176,0.111,0.24,0.193,0.247,0.197,0.171,0.065,0.124,0.111,0.169,0.104,0.16,0.164,0.229,0.162,0.163,0.19,0.119,0.128,0.103,0.08,0.17,0.073,0.119,0.278,0.139
EAS-02,0.177,0.097,0.099,0.16,0.177,0.198,0.164,0.185,0.092,0.201,0.113,0.149,0.181,0.195,0.09,4.095,3.125,3.811,4.592,4.921,4.751,4.04,0.199,0.223,0.146,0.15,0.219,0.13,0.221,0.072,0.288,0.082,0.232,0.217,0.097,0.149,0.186,0.174,0.128,0.222,0.256,0.224,0.224,0.103,0.157,0.116,0.155,0.178,0.216,0.133,0.164,0.245,0.141,0.224,0.189,0.265,0.211,0.055,0.144,0.26,0.115,0.153,0.172,0.126,0.117,0.168,0.124,0.173,0.201,0.087,0.079,0.155
EAS-03,0.152,0.119,0.138,0.186,0.061,0.117,0.11,0.159,0.106,0.212,0.176,0.225,0.091,0.203,0.168,4.594,3.811,3.275,4.649,4.027,3.97,4.682,0.155,0.261,0.277,0.098,0.131,0.184,0.122,0.13,0.179,0.092,0.14,0.198,0.241,0.128,0.258,0.193,0.211,0.11,0.234,0.251,0.045,0.049,0.227,0.12,0.218,0.203,0.142,0.114,0.189,0.16,0.21,0.092,0.049,0.1,0.275,0.096,0.239,0.144,0.161,0.296,0.252,0.243,0.08,0.192,0.189,0.225,0.161,0.179,0.143,0.112
EAS-04,0.212,0.209,0.143,0.097,0.132,0.075,0.176,0.165,0.223,0.209,0.028,0.067,0.182,0.293,0.06,4.487,4.592,4.649,2.9,3.991,4.006,3.859,0.099,0.089,0.23,0.232,0.117,0.112,0.14,0.196,0.192,0.265,0.251,0.076,0.13,0.164,0.083,0.206,0.131,0.157,0.13,0.147,0.181,0.216,0.202,0.148,0.182,0.24,0.15,0.155,0.185,0.067,0.174,0.171,0.105,0.178,0.259,0.116,0.088,0.089,0.116,0.118,0.075,0.117,0.039,0.169,0.104,0.203,0.087,0.051,0.166,0.175
EAS-05,0.162,0.164,0.23,0.161,0.245,0.173,0.14,0.169,0.198,0.116,0.216,0.192,0.139,0.228,0.092,4.223,4.921,4.027,3.991,3.0,4.405,5.122,0.153,0.138,0.064,0.189,0.138,0.103,0.066,0.153,0.186,0.22,0.253,0.176,0.191,0.18,0.118,0.175,0.137,0.117,0.202,0.24,0.12,0.137,0.189,0.22,0.249,0.141,0.154,0.167,0.176,0.118,0.116,0.15,0.117,0.253,0.175,0.156,0.088,0.173,0.095,0.11,0.145,0.175,0.21,0.128,0.218,0.196,0.279,0.148,0.212,0.171
EAS-06,0.136,0.215,0.097,0.153,0.172,0.091,0.081,0.138,0.104,0.262,0.088,0.114,0.156,0.245,0.16,5.228,4.751,3.97,4.006,4.405,3.25,4.508,0.2,0.109,0.172,0.068,0.051,0.075,0.136,0.179,0.118,0.233,0.198,0.178,0.061,0.252,0.129,0.159,0.084,0.238,0.146,0.18,0.162,0.157,0.07,0.173,0.159,0.136,0.171,0.152,0.193,0.267,0.163,0.137,0.147,0.184,0.08,0.099,0.178,0.141,0.115,0.126,0.23,0.168,0.07,0.139,0.106,0.11,0.239,0.131,0.239,0.161
EAS-07,0.155,0.189,0.204,0.116,0.13,0.241,0.164,0.21,0.064,0.129,0.185,0.095,0.226,0.254,0.194,3.893,4.04,4.682,3.859,5.122,4.508,3.55,0.173,0.216,0.193,0.057,0.083,0.205,0.241,0.176,0.154,0.176,0.232,0.127,0.157,0.28,0.176,0.21,0.141,0.132,0.238,0.198,0.222,0.121,0.203,0.139,0.203,0.135,0.188,0.068,0.153,0.188,0.152,0.11,0.127,0.131,0.204,0.211,0.072,0.248,0.168,0.16,0.051,0.156,0.203,0.164,0.251,0.197,0.119,0.239,0.157,0.165
BRK-01,0.085,0.143,0.232,0.114,0.217,0.194,0.219,0.17,0.116,0.145,0.192,0.205,0.23,0.204,0.132,0.081,0.199,0.155,0.099,0.153,0.2,0.173,3.675,4.188,4.23,4.86,3.772,4.438,0.141,0.177,0.227,0.203,0.111,0.184,0.133,0.114,0.102,0.163,0.212,0.185,0.192,0.21,0.215,0.133,0.133,0.158,0.186,0.235,0.178,0.175,0.203,0.057,0.255,0.274,0.249,0.157,0.048,0.066,0.158,0.134,0.056,0.227,0.108,0.07,0.247,0.24,0.241,0.232,0.227,0.181,0.101,0.25
BRK-02,0.199,0.178,0.123,0.146,0.138,0.108,0.084,0.067,0.146,0.086,0.171,0.259,0.037,0.191,0.068,0.133,0.223,0.261,0.089,0.138,0.109,0.216,4.188,3.175,4.546,4.534,4.119,4.832,0.234,0.214,0.037,0.134,0.183,0.097,0.168,0.196,0.181,0.171,0.153,0.141,0.142,0.171,0.115,0.146,0.251,0.171,0.129,0.205,0.177,0.079,0.205,0.137,0.161,0.164,0.136,0.213,0.137,0.125,0.073,0.167,0.04,0.201,0.208,0.15,0.059,0.229,0.059,0.218,0.075,0.195,0.071,0.12
BRK-03,0.191,0.129,0.072,0.225,0.214,0.148,0.223,0.208,0.149,0.157,0.1,0.179,0.164,0.193,0.25,0.121,0.146,0.277,0.23,0.064,0.172,0.193,4.23,4.546,3.525,4.646,4.86,4.652,0.145,0.067,0.066,0.169,0.238,0.15,0.12,0.181,0.149,0.147,0.124,0.05,0.057,0.176,0.082,0.166,0.208,0.181,0.034,0.144,0.16,0.166,0.19,0.127,0.093,0.183,0.143,0.164,0.108,0.131,0.21,0.126,0.063,0.24,0.188,0.021,0.131,0.229,0.109,0.089,0.072,0.162,0.153,0.114
BRK-04,0.198,0.104,0.129,0.218,0.17,0.136,0.028,0.17,0.148,0.046,0.166,0.158,0.231,0.219,0.248,0.214,0.15,0.098,0.232,0.189,0.068,0.057,4.86,4.534,4.646,2.975,4.811,4.752,0.086,0.156,0.124,0.214,0.176,0.038,0.154,0.219,0.251,0.243,0.175,0.065,0.244,0.137,0.19,0.185,0.169,0.085,0.202,0.1,0.158,0.173,0.152,0.122,0.068,0.227,0.156,0.075,0.08,0.145,0.115,0.22,0.127,0.053,0.263,0.14,0.265,0.19,0.239,0.18,0.122,0.155,0.276,0.104
BRK-05,0.166,0.23,0.126,0.139,0.111,0.143,0.099,0.18,0.181,0.164,0.22,0.157,0.259,0.152,0.059,0.174,0.219,0.131,0.117,0.138,0.051,0.083,3.772,4.119,4.86,4.811,3.625,4.165,0.083,0.198,0.205,0.157,0.064,0.036,0.056,0.214,0.185,0.183,0.204,0.096,0.144,0.039,0.142,0.166,0.147,0.08,0.175,0.265,0.128,0.225,0.217,0.106,0.225,0.114,0.226,0.214,0.03,0.092,0.235,0.145,0.11,0.222,0.045,0.089,0.217,0.187,0.152,0.225,0.136,0.109,0.114,0.187
BRK-06,0.098,0.202,0.065,0.147,0.163,0.142,0.255,0.196,0.146,0.279,0.141,0.094,0.279,0.111,0.115,0.17,0.13,0.184,0.112,0.103,0.075,0.205,4.438,4.832,4.652,4.752,4.165,3.55,0.127,0.133,0.176,0.182,0.175,0.083,0.209,0.123,0.044,0.184,0.042,0.192,0.249,0.131,0.15,0.17,0.24,0.216,0.165,0.255,0.079,0.084,0.165,0.098,0.093,0.175,0.048,0.241,0.153,0.162,0.119,0.087,0.185,0.111,0.11,0.085,0.1,0.118,0.155,0.167,0.118,0.065,0.128,0.261
KNG-01,0.23,0.183,0.142,0.147,0.089,0.262,0.216,0.179,0.204,0.081,0.211,0.167,0.138,0.232,0.153,0.188,0.221,0.122,0.14,0.066,0.136,0.241,0.141,0.234,0.145,0.086,0.083,0.127,3.275,4.594,4.263,4.179,4.415,5.144,0.105,0.224,0.135,0.174,0.177,0.11,0.163,0.2,0.068,0.182,0.205,0.169,0.137,0.095,0.263,0.16,0.274,0.159,0.173,0.131,0.114,0.215,0.163,0.153,0.162,0.112,0.215,0.185,0.147,0.243,0.182,0.135,0.095,0.096,0.143,0.085,0.195,0.273
KNG-02,0.082,0.14,0.154,0.259,0.219,0.181,0.172,0.217,0.083,0.145,0.218,0.172,0.125,0.093,0.265,0.211,0.072,0.13,0.196,0.153,0.179,0.176,0.177,0.214,0.067,0.156,0.198,0.133,4.594,2.9,4.122,4.784,4.788,4.519,0.062,0.08,0.197,0.235,0.126,0.142,0.169,0.162,0.12,0.142,0.126,0.127,0.158,0.203,0.206,0.171,0.134,0.181,0.201,0.141,0.169,0.153,0.086,0.106,0.127,0.251,0.136,0.052,0.125,0.166,0.208,0.11,0.161,0.247,0.201,0.169,0.256,0.195
KNG-03,0.272,0.11,0.144,0.151,0.205,0.219,0.166,0.066,0.083,0.258,0.114,0.164,0.187,0.158,0.123,0.085,0.288,0.179,0.192,0.186,0.118,0.154,0.227,0.037,0.066,0.124,0.205,0.176,4.263,4.122,3.5,4.127,3.936,4.274,0.143,0.135,0.146,0.228,0.034,0.098,0.084,0.114,0.07,0.072,0.194,0.151,0.185,0.123,0.086,0.105,0.146,0.149,0.237,0.141,0.07,0.163,0.124,0.103,0.083,0.272,0.12,0.136,0.231,0.172,0.143,0.196,0.101,0.132,0.137,0.193,0.107,0.184
KNG-04,0.053,0.263,0.19,0.165,0.134,0.071,0.207,0.134,0.218,0.162,0.159,0.213,0.222,0.272,0.155,0.155,0.082,0.092,0.265,0.22,0.233,0.176,0.203,0.134,0.169,0.214,0.157,0.182,4.179,4.784,4.127,3.375,4.749,4.636,0.095,0.234,0.18,0.062,0.076,0.06,0.126,0.155,0.166,0.117,0.128,0.155,0.13,0.265,0.171,0.066,0.215,0.25,0.092,0.116,0.123,0.149,0.179,0.178,0.208,0.249,0.212,0.112,0.109,0.105,0.087,0.22,0.239,0.267,0.102,0.233,0.205,0.087
KNG-05,0.059,0.178,0.126,0.167,0.127,0.144,0.234,0.173,0.146,0.14,0.083,0.226,0.16,0.246,0.149,0.241,0.232,0.14,0.251,0.253,0.198,0.232,0.111,0.183,0.238,0.176,0.064,0.175,4.415,4.788,3.936,4.749,3.475,4.318,0.209,0.167,0.199,0.194,0.147,0.166,0.228,0.168,0.162,0.126,0.226,0.147,0.12,0.168,0.231,0.062,0.258,0.245,0.19,0.116,0.105,0.121,0.203,0.143,0.207,0.088,0.143,0.067,0.115,0.138,0.214,0.093,0.091,0.07,0.074,0.166,0.199,0.134
KNG-06,0.194,0.093,0.146,0.273,0.157,0.126,0.276,0.241,0.164,0.223,0.105,0.207,0.194,0.048,0.17,0.198,0.217,0.198,0.076,0.176,0.178,0.127,0.184,0.097,0.15,0.038,0.036,0.083,5.144,4.519,4.274,4.636,4.318,3.375,0.168,0.154,0.118,0.124,0.178,0.086,0.161,0.223,0.179,0.17,0.151,0.229,0.167,0.151,0.266,0.124,0.164,0.131,0.087,0.102,0.115,0.183,0.134,0.085,0.151,0.139,0.189,0.15,0.075,0.179,0.172,0.129,0.218,0.241,0.121,0.185,0.091,0.098
NOR-01,0.224,0.077,0.239,0.204,0.145,0.147,0.206,0.159,0.095,0.158,0.13,0.228,0.079,0.099,0.229,0.186,0.097,0.241,0.13,0.191,0.061,0.157,0.133,0.168,0.12,0.154,0.056,0.209,0.105,0.062,0.143,0.095,0.209,0.168,2.775,4.409,3.957,4.087,4.669,0.144,0.122,0.28,0.29,0.093,0.149,0.107,0.248,0.131,0.095,0.165,0.152,0.151,0.121,0.17,0.265,0.133,0.209,0.18,0.151,0.13,0.182,0.18,0.241,0.256,0.192,0.186,0.243,0.121,0.188,0.119,0.193,0.077
NOR-02,0.179,0.091,0.218,0.162,0.24,0.182,0.215,0.14,0.096,0.21,0.071,0.195,0.205,0.147,0.177,0.068,0.149,0.128,0.164,0.18,0.252,0.28,0.114,0.196,0.181,0.219,0.214,0.123,0.224,0.08,0.135,0.234,0.167,0.154,4.409,3.0,4.457,4.621,4.767,0.164,0.134,0.208,0.241,0.155,0.216,0.157,0.148,0.175,0.154,0.258,0.231,0.07,0.161,0.166,0.048,0.177,0.061,0.208,0.136,0.135,0.098,0.174,0.263,0.091,0.228,0.202,0.159,0.094,0.226,0.073,0.114,0.157
NOR-03,0.222,0.186,0.142,0.216,0.162,0.087,0.255,0.18,0.104,0.197,0.252,0.13,0.156,0.151,0.246,0.102,0.186,0.258,0.083,0.118,0.129,0.176,0.102,0.181,0.149,0.251,0.185,0.044,0.135,0.197,0.146,0.18,0.199,0.118,3.957,4.457,3.7,4.421,4.553,0.241,0.155,0.161,0.158,0.059,0.228,0.13,0.224,0.073,0.155,0.098,0.155,0.081,0.137,0.222,0.11,0.273,0.259,0.167,0.193,0.175,0.099,0.183,0.268,0.052,0.074,0.055,0.193,0.184,0.213,0.238,0.251,0.121
NOR-04,0.257,0.266,0.073,0.222,0.15,0.141,0.214,0.126,0.148,0.074,0.082,0.17,0.141,0.168,0.188,0.153,0.174,0.193,0.206,0.175,0.159,0.21,0.163,0.171,0.147,0.243,0.183,0.184,0.174,0.235,0.228,0.062,0.194,0.124,4.087,4.621,4.421,2.825,3.766,0.065,0.131,0.262,0.217,0.049,0.03,0.099,0.166,0.179,0.122,0.18,0.188,0.159,0.044,0.179,0.234,0.199,0.095,0.129,0.23,0.163,0.095,0.206,0.222,0.194,0.163,0.137,0.145,0.147,0.129,0.051,0.142,0.095
NOR-05,0.207,0.118,0.124,0.104,0.15,0.103,0.143,0.091,0.191,0.087,0.267,0.084,0.253,0.171,0.217,0.166,0.128,0.211,0.131,0.137,0.084,0.141,0.212,0.153,0.124,0.175,0.204,0.042,0.177,0.126,0.034,0.076,0.147,0.178,4.669,4.767,4.553,3.766,3.075,0.151,0.1,0.232,0.15,0.115,0.059,0.152,0.198,0.142,0.15,0.168,0.238,0.132,0.245,0.281,0.068,0.243,0.111,0.143,0.145,0.09,0.274,0.058,0.254,0.195,0.224,0.222,0.09,0.176,0.133,0.2,0.107,0.109
WES-01,0.187,0.118,0.161,0.117,0.231,0.048,0.222,0.211,0.057,0.126,0.148,0.046,0.161,0.224,0.167,0.1,0.222,0.11,0.157,0.117,0.238,0.132,0.185,0.141,0.05,0.065,0.096,0.192,0.11,0.142,0.098,0.06,0.166,0.086,0.144,0.164,0.241,0.065,0.151,3.375,4.247,4.841,4.688,4.761,0.045,0.085,0.169,0.221,0.177,0.28,0.115,0.106,0.114,0.126,0.129,0.07,0.13,0.182,0.185,0.182,0.166,0.167,0.199,0.258,0.148,0.237,0.21,0.263,0.18,0.118,0.065,0.172
WES-02,0.073,0.087,0.12,0.212,0.174,0.129,0.192,0.144,0.108,0.138,0.113,0.219,0.202,0.066,0.208,0.158,0.256,0.234,0.13,0.202,0.146,0.238,0.192,0.142,0.057,0.244,0.144,0.249,0.163,0.169,0.084,0.126,0.228,0.161,0.122,0.134,0.155,0.131,0.1,4.247,3.5,3.925,3.814,4.097,0.225,0.238,0.17,0.252,0.142,0.15,0.076,0.18,0.119,0.119,0.033,0.071,0.182,0.077,0.289,0.15,0.098,0.167,0.227,0.1,0.195,0.255,0.115,0.152,0.062,0.118,0.138,0.168
WES-03,0.198,0.211,0.153,0.091,0.079,0.221,0.159,0.082,0.177,0.165,0.188,0.145,0.093,0.177,0.113,0.153,0.224,0.251,0.147,0.24,0.18,0.198,0.21,0.171,0.176,0.137,0.039,0.131,0.2,0.162,0.114,0.155,0.168,0.223,0.28,0.208,0.161,0.262,0.232,4.841,3.925,3.675,3.845,4.271,0.066,0.084,0.232,0.063,0.166,0.16,0.246,0.208,0.2,0.233,0.147,0.165,0.102,0.158,0.168,0.195,0.147,0.169,0.171,0.195,0.116,0.119,0.076,0.15,0.168,0.214,0.047,0.067
WES-04,0.189,0.152,0.191,0.216,0.151,0.284,0.126,0.029,0.188,0.243,0.262,0.161,0.186,0.212,0.091,0.058,0.224,0.045,0.181,0.12,0.162,0.222,0.215,0.115,0.082,0.19,0.142,0.15,0.068,0.12,0.07,0.166,0.162,0.179,0.29,0.241,0.158,0.217,0.15,4.688,3.814,3.845,2.775,3.959,0.235,0.279,0.114,0.173,0.164,0.174,0.061,0.23,0.074,0.062,0.122,0.258,0.176,0.197,0.046,0.052,0.085,0.164,0.231,0.062,0.105,0.076,0.121,0.235,0.145,0.169,0.12,0.098
WES-05,0.085,0.056,0.239,0.189,0.206,0.227,0.247,0.214,0.174,0.023,0.068,0.058,0.095,0.096,0.223,0.145,0.103,0.049,0.216,0.137,0.157,0.121,0.133,0.146,0.166,0.185,0.166,0.17,0.182,0.142,0.072,0.117,0.126,0.17,0.093,0.155,0.059,0.049,0.115,4.761,4.097,4.271,3.959,3.575,0.277,0.228,0.154,0.133,0.175,0.128,0.17,0.263,0.202,0.146,0.183,0.214,0.114,0.098,0.042,0.234,0.103,0.17,0.223,0.122,0.16,0.124,0.112,0.162,0.108,0.162,0.129,0.154
NCR-01,0.166,0.049,0.195,0.146,0.176,0.237,0.257,0.224,0.119,0.178,0.094,0.112,0.131,0.046,0.075,0.049,0.157,0.227,0.202,0.189,0.07,0.203,0.133,0.251,0.208,0.169,0.147,0.24,0.205,0.126,0.194,0.128,0.226,0.151,0.149,0.216,0.228,0.03,0.059,0.045,0.225,0.066,0.235,0.277,2.7,1.224,1.346,1.134,1.184,1.168,1.175,1.172,1.207,1.193,0.125,0.145,0.222,0.129,0.216,0.105,0.216,0.126,0.084,0.28,0.107,0.088,0.127,0.183,0.14,0.152,0.207,0.094
NCR-02,0.198,0.15,0.238,0.171,0.051,0.229,0.154,0.179,0.149,0.161,0.101,0.053,0.05,0.085,0.078,0.176,0.116,0.12,0.148,0.22,0.173,0.139,0.158,0.171,0.181,0.085,0.08,0.216,0.169,0.127,0.151,0.155,0.147,0.229,0.107,0.157,0.13,0.099,0.152,0.085,0.238,0.084,0.279,0.228,1.224,2.7,1.196,1.151,1.304,1.277,1.171,1.161,1.212,1.354,0.283,0.054,0.159,0.204,0.079,0.161,0.12,0.122,0.099,0.201,0.127,0.261,0.221,0.217,0.16,0.186,0.133,0.146
NCR-03,0.148,0.059,0.12,0.137,0.081,0.073,0.21,0.189,0.159,0.262,0.214,0.104,0.206,0.164,0.066,0.111,0.155,0.218,0.182,0.249,0.159,0.203,0.186,0.129,0.034,0.202,0.175,0.165,0.137,0.158,0.185,0.13,0.12,0.167,0.248,0.148,0.224,0.166,0.198,0.169,0.17,0.232,0.114,0.154,1.346,1.196,2.975,1.222,1.405,1.103,1.2,1.102,1.321,1.133,0.172,0.17,0.134,0.229,0.193,0.067,0.273,0.14,0.184,0.109,0.205,0.2,0.111,0.245,0.232,0.191,0.238,0.21
NCR-04,0.249,0.253,0.197,0.134,0.164,0.177,0.23,0.183,0.097,0.138,0.086,0.144,0.198,0.169,0.159,0.24,0.178,0.203,0.24,0.141,0.136,0.135,0.235,0.205,0.144,0.1,0.265,0.255,0.095,0.203,0.123,0.265,0.168,0.151,0.131,0.175,0.073,0.179,0.142,0.221,0.252,0.063,0.173,0.133,1.134,1.151,1.222,2.825,1.266,1.163,1.017,1.099,1.185,1.016,0.251,0.214,0.109,0.178,0.13,0.136,0.281,0.204,0.173,0.133,0.171,0.143,0.182,0.252,0.097,0.197,0.272,0.154
NCR-05,0.102,0.136,0.181,0.271,0.133,0.205,0.155,0.198,0.184,0.176,0.183,0.062,0.249,0.271,0.256,0.193,0.216,0.142,0.15,0.154,0.171,0.188,0.178,0.177,0.16,0.158,0.128,0.079,0.263,0.206,0.086,0.171,0.231,0.266,0.095,0.154,0.155,0.122,0.15,0.177,0.142,0.166,0.164,0.175,1.184,1.304,1.405,1.266,2.9,1.175,1.196,1.095,1.247,1.327,0.112,0.127,0.13,0.14,0.124,0.157,0.158,0.225,0.174,0.162,0.212,0.154,0.097,0.162,0.283,0.213,0.076,0.14
NCR-06,0.154,0.134,0.117,0.267,0.174,0.121,0.064,0.111,0.255,0.181,0.085,0.231,0.032,0.144,0.107,0.247,0.133,0.114,0.155,0.167,0.152,0.068,0.175,0.079,0.166,0.173,0.225,0.084,0.16,0.171,0.105,0.066,0.062,0.124,0.165,0.258,0.098,0.18,0.168,0.28,0.15,0.16,0.174,0.128,1.168,1.277,1.103,1.163,1.175,2.65,1.154,1.147,1.159,1.409,0.158,0.196,0.123,0.137,0.235,0.076,0.172,0.191,0.183,0.146,0.076,0.214,0.157,0.106,0.143,0.152,0.091,0.196
NCR-07,0.242,0.209,0.148,0.066,0.109,0.185,0.149,0.094,0.121,0.171,0.096,0.086,0.112,0.134,0.22,0.197,0.164,0.189,0.185,0.176,0.193,0.153,0.203,0.205,0.19,0.152,0.217,0.165,0.274,0.134,0.146,0.215,0.258,0.164,0.152,0.231,0.155,0.188,0.238,0.115,0.076,0.246,0.061,0.17,1.175,1.171,1.2,1.017,1.196,1.154,3.425,1.075,1.369,1.248,0.21,0.19,0.182,0.148,0.128,0.149,0.199,0.163,0.129,0.104,0.077,0.231,0.064,0.263,0.189,0.083,0.146,0.116
NCR-08,0.152,0.115,0.081,0.229,0.198,0.212,0.263,0.241,0.141,0.226,0.223,0.204,0.058,0.236,0.173,0.171,0.245,0.16,0.067,0.118,0.267,0.188,0.057,0.137,0.127,0.122,0.106,0.098,0.159,0.181,0.149,0.25,0.245,0.131,0.151,0.07,0.081,0.159,0.132,0.106,0.18,0.208,0.23,0.263,1.172,1.161,1.102,1.099,1.095,1.147,1.075,2.8,1.267,1.052,0.242,0.179,0.226,0.174,0.211,0.143,0.168,0.198,0.083,0.189,0.24,0.18,0.17,0.141,0.166,0.225,0.163,0.107
NCR-09,0.141,0.066,0.233,0.075,0.173,0.175,0.18,0.138,0.174,0.193,0.214,0.184,0.162,0.098,0.171,0.065,0.141,0.21,0.174,0.116,0.163,0.152,0.255,0.161,0.093,0.068,0.225,0.093,0.173,0.201,0.237,0.092,0.19,0.087,0.121,0.161,0.137,0.044,0.245,0.114,0.119,0.2,0.074,0.202,1.207,1.212,1.321,1.185,1.247,1.159,1.369,1.267,3.3,1.278,0.127,0.132,0.253,0.163,0.093,0.278,0.128,0.159,0.122,0.077,0.076,0.136,0.218,0.256,0.183,0.15,0.165,0.149
NCR-10,0.228,0.118,0.147,0.231,0.144,0.162,0.212,0.121,0.191,0.172,0.166,0.168,0.201,0.175,0.205,0.124,0.224,0.092,0.171,0.15,0.137,0.11,0.274,0.164,0.183,0.227,0.114,0.175,0.131,0.141,0.141,0.116,0.116,0.102,0.17,0.166,0.222,0.179,0.281,0.126,0.119,0.233,0.062,0.146,1.193,1.354,1.133,1.016,1.327,1.409,1.248,1.052,1.278,2.975,0.113,0.116,0.159,0.159,0.155,0.075,0.171,0.075,0.136,0.062,0.185,0.112,0.141,0.08,0.116,0.145,0.132,0.101
CCR-01,0.212,0.128,0.163,0.174,0.132,0.078,0.137,0.158,0.053,0.192,0.174,0.234,0.192,0.172,0.086,0.111,0.189,0.049,0.105,0.117,0.147,0.127,0.249,0.136,0.143,0.156,0.226,0.048,0.114,0.169,0.07,0.123,0.105,0.115,0.265,0.048,0.11,0.234,0.068,0.129,0.033,0.147,0.122,0.183,0.125,0.283,0.172,0.251,0.112,0.158,0.21,0.242,0.127,0.113,2.65,1.187,1.28,1.053,1.279,1.072,1.174,1.183,1.306,0.125,0.234,0.17,0.27,0.12,0.117,0.144,0.074,0.15
CCR-02,0.148,0.156,0.133,0.188,0.165,0.263,0.276,0.135,0.18,0.213,0.167,0.181,0.212,0.058,0.225,0.169,0.265,0.1,0.178,0.253,0.184,0.131,0.157,0.213,0.164,0.075,0.214,0.241,0.215,0.153,0.163,0.149,0.121,0.183,0.133,0.177,0.273,0.199,0.243,0.07,0.071,0.165,0.258,0.214,0.145,0.054,0.17,0.214,0.127,0.196,0.19,0.179,0.132,0.116,1.187,2.975,1.312,1.188,1.32,1.308,1.377,1.27,1.259,0.141,0.168,0.15,0.246,0.177,0.147,0.257,0.111,0.107
CCR-03,0.196,0.139,0.278,0.086,0.204,0.048,0.15,0.191,0.137,0.206,0.164,0.246,0.098,0.208,0.228,0.104,0.211,0.275,0.259,0.175,0.08,0.204,0.048,0.137,0.108,0.08,0.03,0.153,0.163,0.086,0.124,0.179,0.203,0.134,0.209,0.061,0.259,0.095,0.111,0.13,0.182,0.102,0.176,0.114,0.222,0.159,0.134,0.109,0.13,0.123,0.182,0.226,0.253,0.159,1.28,1.312,2.85,1.112,1.401,1.256,1.276,1.21,1.228,0.158,0.098,0.151,0.148,0.069,0.121,0.15,0.19,0.072
CCR-04,0.23,0.122,0.249,0.184,0.098,0.069,0.255,0.127,0.05,0.12,0.24,0.149,0.145,0.149,0.247,0.16,0.055,0.096,0.116,0.156,0.099,0.211,0.066,0.125,0.131,0.145,0.092,0.162,0.153,0.106,0.103,0.178,0.143,0.085,0.18,0.208,0.167,0.129,0.143,0.182,0.077,0.158,0.197,0.098,0.129,0.204,0.229,0.178,0.14,0.137,0.148,0.174,0.163,0.159,1.053,1.188,1.112,2.725,1.103,1.2,1.141,1.153,1.161,0.187,0.144,0.063,0.122,0.136,0.158,0.138,0.242,0.188
CCR-05,0.196,0.142,0.199,0.096,0.138,0.175,0.143,0.218,0.247,0.088,0.256,0.244,0.069,0.086,0.104,0.164,0.144,0.239,0.088,0.088,0.178,0.072,0.158,0.073,0.21,0.115,0.235,0.119,0.162,0.127,0.083,0.208,0.207,0.151,0.151,0.136,0.193,0.23,0.145,0.185,0.289,0.168,0.046,0.042,0.216,0.079,0.193,0.13,0.124,0.235,0.128,0.211,0.093,0.155,1.279,1.32,1.401,1.103,3.275,1.341,1.171,1.224,1.142,0.068,0.159,0.098,0.179,0.237,0.15,0.075,0.268,0.066
CCR-06,0.157,0.221,0.139,0.056,0.09,0.16,0.211,0.08,0.071,0.211,0.179,0.188,0.193,0.205,0.174,0.229,0.26,0.144,0.089,0.173,0.141,0.248,0.134,0.167,0.126,0.22,0.145,0.087,0.112,0.251,0.272,0.249,0.088,0.139,0.13,0.135,0.175,0.163,0.09,0.182,0.15,0.195,0.052,0.234,0.105,0.161,0.067,0.136,0.157,0.076,0.149,0.143,0.278,0.075,1.072,1.308,1.256,1.2,1.341,2.95,1.317,1.238,1.123,0.097,0.132,0.202,0.182,0.151,0.251,0.128,0.029,0.122
CCR-07,0.105,0.199,0.26,0.092,0.174,0.125,0.184,0.061,0.204,0.114,0.194,0.15,0.19,0.092,0.112,0.162,0.115,0.161,0.116,0.095,0.115,0.168,0.056,0.04,0.063,0.127,0.11,0.185,0.215,0.136,0.12,0.212,0.143,0.189,0.182,0.098,0.099,0.095,0.274,0.166,0.098,0.147,0.085,0.103,0.216,0.12,0.273,0.281,0.158,0.172,0.199,0.168,0.128,0.171,1.174,1.377,1.276,1.141,1.171,1.317,3.1,1.023,1.202,0.061,0.233,0.236,0.084,0.17,0.066,0.197,0.05,0.181
CCR-08,0.114,0.15,0.186,0.244,0.236,0.153,0.239,0.175,0.137,0.198,0.197,0.258,0.163,0.157,0.135,0.163,0.153,0.296,0.118,0.11,0.126,0.16,0.227,0.201,0.24,0.053,0.222,0.111,0.185,0.052,0.136,0.112,0.067,0.15,0.18,0.174,0.183,0.206,0.058,0.167,0.167,0.169,0.164,0.17,0.126,0.122,0.14,0.204,0.225,0.191,0.163,0.198,0.159,0.075,1.183,1.27,1.21,1.153,1.224,1.238,1.023,2.625,1.172,0.152,0.055,0.171,0.067,0.092,0.232,0.205,0.077,0.13
CCR-09,0.189,0.1,0.157,0.087,0.109,0.128,0.135,0.137,0.174,0.138,0.261,0.17,0.052,0.21,0.262,0.19,0.172,0.252,0.075,0.145,0.23,0.051,0.108,0.208,0.188,0.263,0.045,0.11,0.147,0.125,0.231,0.109,0.115,0.075,0.241,0.263,0.268,0.222,0.254,0.199,0.227,0.171,0.231,0.223,0.084,0.099,0.184,0.173,0.174,0.183,0.129,0.083,0.122,0.136,1.306,1.259,1.228,1.161,1.142,1.123,1.202,1.172,2.6,0.158,0.184,0.179,0.124,0.148,0.171,0.128,0.087,0.067
VCR-01,0.115,0.153,0.174,0.178,0.25,0.144,0.151,0.158,0.107,0.264,0.076,0.054,0.133,0.197,0.162,0.119,0.126,0.243,0.117,0.175,0.168,0.156,0.07,0.15,0.021,0.14,0.089,0.085,0.243,0.166,0.172,0.105,0.138,0.179,0.256,0.091,0.052,0.194,0.195,0.258,0.1,0.195,0.062,0.122,0.28,0.201,0.109,0.133,0.162,0.146,0.104,0.189,0.077,0.062,0.125,0.141,0.158,0.187,0.068,0.097,0.061,0.152,0.158,2.875,1.313,1.131,1.207,1.194,1.247,1.083,1.03,1.093
VCR-02,0.235,0.244,0.1,0.146,0.213,0.258,0.128,0.153,0.196,0.143,0.113,0.176,0.255,0.222,0.145,0.128,0.117,0.08,0.039,0.21,0.07,0.203,0.247,0.059,0.131,0.265,0.217,0.1,0.182,0.208,0.143,0.087,0.214,0.172,0.192,0.228,0.074,0.163,0.224,0.148,0.195,0.116,0.105,0.16,0.107,0.127,0.205,0.171,0.212,0.076,0.077,0.24,0.076,0.185,0.234,0.168,0.098,0.144,0.159,0.132,0.233,0.055,0.184,1.313,2.65,1.216,1.242,1.184,1.306,1.129,1.319,1.173
VCR-03,0.168,0.209,0.177,0.154,0.182,0.171,0.065,0.191,0.186,0.145,0.162,0.221,0.209,0.093,0.199,0.103,0.168,0.192,0.169,0.128,0.139,0.164,0.24,0.229,0.229,0.19,0.187,0.118,0.135,0.11,0.196,0.22,0.093,0.129,0.186,0.202,0.055,0.137,0.222,0.237,0.255,0.119,0.076,0.124,0.088,0.261,0.2,0.143,0.154,0.214,0.231,0.18,0.136,0.112,0.17,0.15,0.151,0.063,0.098,0.202,0.236,0.171,0.179,1.131,1.216,2.7,1.174,1.145,1.048,1.182,1.276,1.293
VCR-04,0.174,0.068,0.14,0.124,0.111,0.227,0.046,0.133,0.06,0.063,0.221,0.167,0.144,0.093,0.175,0.08,0.124,0.189,0.104,0.218,0.106,0.251,0.241,0.059,0.109,0.239,0.152,0.155,0.095,0.161,0.101,0.239,0.091,0.218,0.243,0.159,0.193,0.145,0.09,0.21,0.115,0.076,0.121,0.112,0.127,0.221,0.111,0.182,0.097,0.157,0.064,0.17,0.218,0.141,0.27,0.246,0.148,0.122,0.179,0.182,0.084,0.067,0.124,1.207,1.242,1.174,3.1,1.09,1.294,1.375,1.308,1.095
VCR-05,0.158,0.071,0.222,0.127,0.21,0.237,0.132,0.225,0.159,0.171,0.099,0.179,0.188,0.168,0.138,0.17,0.173,0.225,0.203,0.196,0.11,0.197,0.232,0.218,0.089,0.18,0.225,0.167,0.096,0.247,0.132,0.267,0.07,0.241,0.121,0.094,0.184,0.147,0.176,0.263,0.152,0.15,0.235,0.162,0.183,0.217,0.245,0.252,0.162,0.106,0.263,0.141,0.256,0.08,0.12,0.177,0.069,0.136,0.237,0.151,0.17,0.092,0.148,1.194,1.184,1.145,1.09,3.1,1.151,1.15,1.203,1.039
VCR-06,0.146,0.175,0.181,0.163,0.162,0.156,0.233,0.21,0.268,0.077,0.182,0.153,0.15,0.203,0.116,0.073,0.201,0.161,0.087,0.279,0.239,0.119,0.227,0.075,0.072,0.122,0.136,0.118,0.143,0.201,0.137,0.102,0.074,0.121,0.188,0.226,0.213,0.129,0.133,0.18,0.062,0.168,0.145,0.108,0.14,0.16,0.232,0.097,0.283,0.143,0.189,0.166,0.183,0.116,0.117,0.147,0.121,0.158,0.15,0.251,0.066,0.232,0.171,1.247,1.306,1.048,1.294,1.151,3.45,1.165,0.997,1.229
VCR-07,0.104,0.089,0.225,0.164,0.197,0.051,0.265,0.118,0.115,0.126,0.123,0.164,0.104,0.141,0.181,0.119,0.087,0.179,0.051,0.148,0.131,0.239,0.181,0.195,0.162,0.155,0.109,0.065,0.085,0.169,0.193,0.233,0.166,0.185,0.119,0.073,0.238,0.051,0.2,0.118,0.118,0.214,0.169,0.162,0.152,0.186,0.191,0.197,0.213,0.152,0.083,0.225,0.15,0.145,0.144,0.257,0.15,0.138,0.075,0.128,0.197,0.205,0.128,1.083,1.129,1.182,1.375,1.15,1.165,3.3,1.302,1.365
VCR-08,0.149,0.23,0.177,0.161,0.115,0.143,0.228,0.202,0.209,0.218,0.173,0.156,0.218,0.114,0.217,0.278,0.079,0.143,0.166,0.212,0.239,0.157,0.101,0.071,0.153,0.276,0.114,0.128,0.195,0.256,0.107,0.205,0.199,0.091,0.193,0.114,0.251,0.142,0.107,0.065,0.138,0.047,0.12,0.129,0.207,0.133,0.238,0.272,0.076,0.091,0.146,0.163,0.165,0.132,0.074,0.111,0.19,0.242,0.268,0.029,0.05,0.077,0.087,1.03,1.319,1.276,1.308,1.203,0.997,1.302,3.0,1.183
VCR-09,0.241,0.082,0.202,0.265,0.15,0.18,0.219,0.132,0.178,0.271,0.179,0.143,0.124,0.185,0.133,0.139,0.155,0.112,0.175,0.171,0.161,0.165,0.25,0.12,0.114,0.104,0.187,0.261,0.273,0.195,0.184,0.087,0.134,0.098,0.077,0.157,0.121,0.095,0.109,0.172,0.168,0.067,0.098,0.154,0.094,0.146,0.21,0.154,0.14,0.196,0.116,0.107,0.149,0.101,0.15,0.107,0.072,0.188,0.066,0.122,0.181,0.13,0.067,1.093,1.173,1.293,1.095,1.039,1.229,1.365,1.183,3.45
